{"data":[{"orientation":"v","width":[0.024,0.024,0.024,0.024,0.024,0.024,0.024,0.024,0.024,0.024,0.024,0.024,0.024,0.024,0.024,0.024,0.024,0.024,0.024,0.024,0.024,0.024,0.024,0.024,0.024,0.024,0.024,0.024,0.024,0.024,0.024,0.024,0.024,0.024,0.024,0.024,0.024,0.024,0.024,0.024,0.024,0.024,0.024,0.024,0.024,0.024,0.024,0.024,0.024,0.024,0.024,0.024,0.024,0.024,0.024,0.024,0.024,0.024,0.024,0.024],"base":[0,0,0,0,0,0,0,0,0,0,0,0,0,0,0,0,0,0,0,0,0,0,0,0,0,0,0,0,0,0,0,0,0,0,0,0,0,0,0,0,0,0,0,0,0,0,0,0,0,0,0,0,0,0,0,0,0,0,0,0],"x":[0,0.024,0.048,0.072,0.096,0.12,0.144,0.168,0.192,0.216,0.24,0.264,0.288,0.312,0.336,0.36,0.3841,0.4081,0.4321,0.4561,0.4801,0.5041,0.5281,0.5521,0.5761,0.6001,0.6241,0.6481,0.6721,0.6961,0.7201,0.7441,0.7681,0.7921,0.8161,0.8401,0.8641,0.8881,0.9121,0.9361,0.9601,0.9841,1.0081,1.0321,1.0561,1.0801,1.1041,1.1282,1.1522,1.1762,1.2002,1.2242,1.2482,1.2722,1.2962,1.3202,1.3442,1.3682,1.3922,1.4162],"y":[110,34,15,21,21,17,17,15,16,15,15,18,18,15,18,10,22,9,14,5,7,6,11,2,8,5,6,5,4,2,3,0,3,1,0,1,4,2,1,0,1,0,0,0,1,0,1,0,0,0,0,0,0,0,0,0,0,0,0,1],"text":["count: 110<br />hurricane_rate: 0.00000000","count:  34<br />hurricane_rate: 0.02400321","count:  15<br />hurricane_rate: 0.04800643","count:  21<br />hurricane_rate: 0.07200964","count:  21<br />hurricane_rate: 0.09601285","count:  17<br />hurricane_rate: 0.12001607","count:  17<br />hurricane_rate: 0.14401928","count:  15<br />hurricane_rate: 0.16802249","count:  16<br />hurricane_rate: 0.19202571","count:  15<br />hurricane_rate: 0.21602892","count:  15<br />hurricane_rate: 0.24003214","count:  18<br />hurricane_rate: 0.26403535","count:  18<br />hurricane_rate: 0.28803856","count:  15<br />hurricane_rate: 0.31204178","count:  18<br />hurricane_rate: 0.33604499","count:  10<br />hurricane_rate: 0.36004820","count:  22<br />hurricane_rate: 0.38405142","count:   9<br />hurricane_rate: 0.40805463","count:  14<br />hurricane_rate: 0.43205784","count:   5<br />hurricane_rate: 0.45606106","count:   7<br />hurricane_rate: 0.48006427","count:   6<br />hurricane_rate: 0.50406748","count:  11<br />hurricane_rate: 0.52807070","count:   2<br />hurricane_rate: 0.55207391","count:   8<br />hurricane_rate: 0.57607712","count:   5<br />hurricane_rate: 0.60008034","count:   6<br />hurricane_rate: 0.62408355","count:   5<br />hurricane_rate: 0.64808677","count:   4<br />hurricane_rate: 0.67208998","count:   2<br />hurricane_rate: 0.69609319","count:   3<br />hurricane_rate: 0.72009641","count:   0<br />hurricane_rate: 0.74409962","count:   3<br />hurricane_rate: 0.76810283","count:   1<br />hurricane_rate: 0.79210605","count:   0<br />hurricane_rate: 0.81610926","count:   1<br />hurricane_rate: 0.84011247","count:   4<br />hurricane_rate: 0.86411569","count:   2<br />hurricane_rate: 0.88811890","count:   1<br />hurricane_rate: 0.91212211","count:   0<br />hurricane_rate: 0.93612533","count:   1<br />hurricane_rate: 0.96012854","count:   0<br />hurricane_rate: 0.98413175","count:   0<br />hurricane_rate: 1.00813497","count:   0<br />hurricane_rate: 1.03213818","count:   1<br />hurricane_rate: 1.05614139","count:   0<br />hurricane_rate: 1.08014461","count:   1<br />hurricane_rate: 1.10414782","count:   0<br />hurricane_rate: 1.12815104","count:   0<br />hurricane_rate: 1.15215425","count:   0<br />hurricane_rate: 1.17615746","count:   0<br />hurricane_rate: 1.20016068","count:   0<br />hurricane_rate: 1.22416389","count:   0<br />hurricane_rate: 1.24816710","count:   0<br />hurricane_rate: 1.27217032","count:   0<br />hurricane_rate: 1.29617353","count:   0<br />hurricane_rate: 1.32017674","count:   0<br />hurricane_rate: 1.34417996","count:   0<br />hurricane_rate: 1.36818317","count:   0<br />hurricane_rate: 1.39218638","count:   1<br />hurricane_rate: 1.41618960"],"type":"bar","textposition":"none","marker":{"autocolorscale":false,"color":"rgba(22,163,74,1)","line":{"width":1.8898,"color":"transparent"}},"showlegend":false,"xaxis":"x","yaxis":"y","hoverinfo":"text","frame":null}],"layout":{"margin":{"t":39.7345,"r":7.3059,"b":36.1546,"l":37.2603},"font":{"color":"rgba(0,0,0,1)","family":"","size":14.6119},"title":{"text":"Asset Distribution of Technical Hail Premium","font":{"color":"rgba(0,0,0,1)","family":"","size":17.5342},"x":0,"xref":"paper"},"xaxis":{"domain":[0,1],"automargin":true,"type":"linear","autorange":false,"range":[-0.084,1.5002],"tickmode":"array","ticktext":["0.0","0.5","1.0","1.5"],"tickvals":[0,0.5,1,1.5],"categoryorder":"array","categoryarray":["0.0","0.5","1.0","1.5"],"nticks":null,"ticks":"","tickcolor":null,"ticklen":3.653,"tickwidth":0,"showticklabels":true,"tickfont":{"color":"rgba(77,77,77,1)","family":"","size":11.6895},"tickangle":-0,"showline":false,"linecolor":null,"linewidth":0,"showgrid":true,"gridcolor":"rgba(235,235,235,1)","gridwidth":0.6642,"zeroline":false,"anchor":"y","title":{"text":"Technical Hail Premium","font":{"color":"rgba(0,0,0,1)","family":"","size":14.6119}},"hoverformat":".2f"},"yaxis":{"domain":[0,1],"automargin":true,"type":"linear","autorange":false,"range":[-5.5,115.5],"tickmode":"array","ticktext":["0","30","60","90"],"tickvals":[0,30,60,90],"categoryorder":"array","categoryarray":["0","30","60","90"],"nticks":null,"ticks":"","tickcolor":null,"ticklen":3.653,"tickwidth":0,"showticklabels":true,"tickfont":{"color":"rgba(77,77,77,1)","family":"","size":11.6895},"tickangle":-0,"showline":false,"linecolor":null,"linewidth":0,"showgrid":true,"gridcolor":"rgba(235,235,235,1)","gridwidth":0.6642,"zeroline":false,"anchor":"x","title":{"text":"Count","font":{"color":"rgba(0,0,0,1)","family":"","size":14.6119}},"hoverformat":".2f"},"shapes":[{"type":"rect","fillcolor":null,"line":{"color":null,"width":0,"linetype":[]},"yref":"paper","xref":"paper","x0":0,"x1":1,"y0":0,"y1":1}],"showlegend":false,"legend":{"bgcolor":null,"bordercolor":null,"borderwidth":0,"font":{"color":"rgba(0,0,0,1)","family":"","size":11.6895}},"hovermode":"closest","barmode":"relative"},"config":{"doubleClick":"reset","modeBarButtonsToAdd":["hoverclosest","hovercompare"],"showSendToCloud":false}}
