{"data":[{"orientation":"v","width":[0.0144,0.0144,0.0144,0.0144,0.0144,0.0144,0.0144,0.0144,0.0144,0.0144,0.0144,0.0144,0.0144,0.0144,0.0144,0.0144,0.0144,0.0144,0.0144,0.0144,0.0144,0.0144,0.0144,0.0144,0.0144,0.0144,0.0144,0.0144,0.0144,0.0144,0.0144,0.0144,0.0144,0.0144,0.0144,0.0144,0.0144,0.0144,0.0144,0.0144,0.0144,0.0144,0.0144,0.0144,0.0144,0.0144,0.0144,0.0144,0.0144,0.0144,0.0144,0.0144,0.0144,0.0144,0.0144,0.0144,0.0144,0.0144,0.0144,0.0144],"base":[0,0,0,0,0,0,0,0,0,0,0,0,0,0,0,0,0,0,0,0,0,0,0,0,0,0,0,0,0,0,0,0,0,0,0,0,0,0,0,0,0,0,0,0,0,0,0,0,0,0,0,0,0,0,0,0,0,0,0,0],"x":[0,0.0144,0.0288,0.0432,0.0576,0.072,0.0864,0.1008,0.1152,0.1297,0.1441,0.1585,0.1729,0.1873,0.2017,0.2161,0.2305,0.2449,0.2593,0.2737,0.2881,0.3025,0.3169,0.3313,0.3457,0.3602,0.3746,0.389,0.4034,0.4178,0.4322,0.4466,0.461,0.4754,0.4898,0.5042,0.5186,0.533,0.5474,0.5618,0.5762,0.5907,0.6051,0.6195,0.6339,0.6483,0.6627,0.6771,0.6915,0.7059,0.7203,0.7347,0.7491,0.7635,0.7779,0.7923,0.8067,0.8212,0.8356,0.85],"y":[364,850,1043,1197,1426,1621,1780,1892,2046,2079,2237,2391,2433,2516,2661,2648,2696,2728,2665,2706,2627,2612,2589,2523,2390,2316,2180,2118,2058,1987,1825,1791,1718,1624,1529,1349,1269,1160,1169,1024,979,886,862,816,679,671,588,527,498,447,427,364,352,301,241,232,219,183,145,1308],"text":["count:  364<br />fire_insured_claim: 0.00000000","count:  850<br />fire_insured_claim: 0.01440624","count: 1043<br />fire_insured_claim: 0.02881248","count: 1197<br />fire_insured_claim: 0.04321872","count: 1426<br />fire_insured_claim: 0.05762497","count: 1621<br />fire_insured_claim: 0.07203121","count: 1780<br />fire_insured_claim: 0.08643745","count: 1892<br />fire_insured_claim: 0.10084369","count: 2046<br />fire_insured_claim: 0.11524993","count: 2079<br />fire_insured_claim: 0.12965617","count: 2237<br />fire_insured_claim: 0.14406242","count: 2391<br />fire_insured_claim: 0.15846866","count: 2433<br />fire_insured_claim: 0.17287490","count: 2516<br />fire_insured_claim: 0.18728114","count: 2661<br />fire_insured_claim: 0.20168738","count: 2648<br />fire_insured_claim: 0.21609362","count: 2696<br />fire_insured_claim: 0.23049986","count: 2728<br />fire_insured_claim: 0.24490611","count: 2665<br />fire_insured_claim: 0.25931235","count: 2706<br />fire_insured_claim: 0.27371859","count: 2627<br />fire_insured_claim: 0.28812483","count: 2612<br />fire_insured_claim: 0.30253107","count: 2589<br />fire_insured_claim: 0.31693731","count: 2523<br />fire_insured_claim: 0.33134355","count: 2390<br />fire_insured_claim: 0.34574980","count: 2316<br />fire_insured_claim: 0.36015604","count: 2180<br />fire_insured_claim: 0.37456228","count: 2118<br />fire_insured_claim: 0.38896852","count: 2058<br />fire_insured_claim: 0.40337476","count: 1987<br />fire_insured_claim: 0.41778100","count: 1825<br />fire_insured_claim: 0.43218725","count: 1791<br />fire_insured_claim: 0.44659349","count: 1718<br />fire_insured_claim: 0.46099973","count: 1624<br />fire_insured_claim: 0.47540597","count: 1529<br />fire_insured_claim: 0.48981221","count: 1349<br />fire_insured_claim: 0.50421845","count: 1269<br />fire_insured_claim: 0.51862469","count: 1160<br />fire_insured_claim: 0.53303094","count: 1169<br />fire_insured_claim: 0.54743718","count: 1024<br />fire_insured_claim: 0.56184342","count:  979<br />fire_insured_claim: 0.57624966","count:  886<br />fire_insured_claim: 0.59065590","count:  862<br />fire_insured_claim: 0.60506214","count:  816<br />fire_insured_claim: 0.61946838","count:  679<br />fire_insured_claim: 0.63387463","count:  671<br />fire_insured_claim: 0.64828087","count:  588<br />fire_insured_claim: 0.66268711","count:  527<br />fire_insured_claim: 0.67709335","count:  498<br />fire_insured_claim: 0.69149959","count:  447<br />fire_insured_claim: 0.70590583","count:  427<br />fire_insured_claim: 0.72031208","count:  364<br />fire_insured_claim: 0.73471832","count:  352<br />fire_insured_claim: 0.74912456","count:  301<br />fire_insured_claim: 0.76353080","count:  241<br />fire_insured_claim: 0.77793704","count:  232<br />fire_insured_claim: 0.79234328","count:  219<br />fire_insured_claim: 0.80674952","count:  183<br />fire_insured_claim: 0.82115577","count:  145<br />fire_insured_claim: 0.83556201","count: 1308<br />fire_insured_claim: 0.84996825"],"type":"bar","textposition":"none","marker":{"autocolorscale":false,"color":"rgba(251,140,0,1)","line":{"width":1.8898,"color":"transparent"}},"showlegend":false,"xaxis":"x","yaxis":"y","hoverinfo":"text","frame":null}],"layout":{"margin":{"t":39.7345,"r":7.3059,"b":36.1546,"l":48.9498},"font":{"color":"rgba(0,0,0,1)","family":"","size":14.6119},"title":{"text":"Distribution of Fire Claims","font":{"color":"rgba(0,0,0,1)","family":"","size":17.5342},"x":0,"xref":"paper"},"xaxis":{"domain":[0,1],"automargin":true,"type":"linear","autorange":false,"range":[-0.0504,0.9004],"tickmode":"array","ticktext":["0.00","0.25","0.50","0.75"],"tickvals":[0,0.25,0.5,0.75],"categoryorder":"array","categoryarray":["0.00","0.25","0.50","0.75"],"nticks":null,"ticks":"","tickcolor":null,"ticklen":3.653,"tickwidth":0,"showticklabels":true,"tickfont":{"color":"rgba(77,77,77,1)","family":"","size":11.6895},"tickangle":-0,"showline":false,"linecolor":null,"linewidth":0,"showgrid":true,"gridcolor":"rgba(235,235,235,1)","gridwidth":0.6642,"zeroline":false,"anchor":"y","title":{"text":"Size of Claims (% of TIV)","font":{"color":"rgba(0,0,0,1)","family":"","size":14.6119}},"hoverformat":".2f"},"yaxis":{"domain":[0,1],"automargin":true,"type":"linear","autorange":false,"range":[-136.4,2864.4],"tickmode":"array","ticktext":["0","1000","2000"],"tickvals":[0,1000,2000],"categoryorder":"array","categoryarray":["0","1000","2000"],"nticks":null,"ticks":"","tickcolor":null,"ticklen":3.653,"tickwidth":0,"showticklabels":true,"tickfont":{"color":"rgba(77,77,77,1)","family":"","size":11.6895},"tickangle":-0,"showline":false,"linecolor":null,"linewidth":0,"showgrid":true,"gridcolor":"rgba(235,235,235,1)","gridwidth":0.6642,"zeroline":false,"anchor":"x","title":{"text":"Count of Claims","font":{"color":"rgba(0,0,0,1)","family":"","size":14.6119}},"hoverformat":".2f"},"shapes":[{"type":"rect","fillcolor":null,"line":{"color":null,"width":0,"linetype":[]},"yref":"paper","xref":"paper","x0":0,"x1":1,"y0":0,"y1":1}],"showlegend":false,"legend":{"bgcolor":null,"bordercolor":null,"borderwidth":0,"font":{"color":"rgba(0,0,0,1)","family":"","size":11.6895}},"hovermode":"closest","barmode":"relative"},"config":{"doubleClick":"reset","modeBarButtonsToAdd":["hoverclosest","hovercompare"],"showSendToCloud":false}}
