{"data":[{"orientation":"v","width":[0.0127,0.0127,0.0127,0.0127,0.0127,0.0127,0.0127,0.0127,0.0127,0.0127,0.0127,0.0127,0.0127,0.0127,0.0127,0.0127,0.0127,0.0127,0.0127,0.0127,0.0127,0.0127,0.0127,0.0127,0.0127,0.0127,0.0127,0.0127,0.0127,0.0127,0.0127,0.0127,0.0127,0.0127,0.0127,0.0127,0.0127,0.0127,0.0127,0.0127,0.0127,0.0127,0.0127,0.0127,0.0127,0.0127,0.0127,0.0127,0.0127,0.0127,0.0127,0.0127,0.0127,0.0127,0.0127,0.0127,0.0127,0.0127,0.0127,0.0127],"base":[0,0,0,0,0,0,0,0,0,0,0,0,0,0,0,0,0,0,0,0,0,0,0,0,0,0,0,0,0,0,0,0,0,0,0,0,0,0,0,0,0,0,0,0,0,0,0,0,0,0,0,0,0,0,0,0,0,0,0,0],"x":[0,0.0127,0.0254,0.0381,0.0508,0.0635,0.0762,0.0889,0.1016,0.1143,0.127,0.1397,0.1524,0.1651,0.1778,0.1905,0.2032,0.2159,0.2286,0.2413,0.254,0.2667,0.2794,0.2921,0.3048,0.3175,0.3302,0.3429,0.3556,0.3683,0.381,0.3937,0.4064,0.4191,0.4318,0.4445,0.4572,0.4699,0.4826,0.4953,0.508,0.5207,0.5334,0.5461,0.5588,0.5715,0.5842,0.5969,0.6095,0.6222,0.6349,0.6476,0.6603,0.673,0.6857,0.6984,0.7111,0.7238,0.7365,0.7492],"y":[2966,4935,4066,3352,2727,2258,1796,1430,1256,1001,823,675,555,477,330,287,220,177,147,127,112,95,76,60,44,32,19,26,25,15,18,8,12,7,6,9,5,5,2,1,0,1,1,2,1,2,0,0,1,0,0,0,0,0,0,0,0,1,0,1],"text":["count: 2966<br />storm_insured_claim: 0.00000000","count: 4935<br />storm_insured_claim: 0.01269895","count: 4066<br />storm_insured_claim: 0.02539791","count: 3352<br />storm_insured_claim: 0.03809686","count: 2727<br />storm_insured_claim: 0.05079582","count: 2258<br />storm_insured_claim: 0.06349477","count: 1796<br />storm_insured_claim: 0.07619372","count: 1430<br />storm_insured_claim: 0.08889268","count: 1256<br />storm_insured_claim: 0.10159163","count: 1001<br />storm_insured_claim: 0.11429059","count:  823<br />storm_insured_claim: 0.12698954","count:  675<br />storm_insured_claim: 0.13968849","count:  555<br />storm_insured_claim: 0.15238745","count:  477<br />storm_insured_claim: 0.16508640","count:  330<br />storm_insured_claim: 0.17778536","count:  287<br />storm_insured_claim: 0.19048431","count:  220<br />storm_insured_claim: 0.20318326","count:  177<br />storm_insured_claim: 0.21588222","count:  147<br />storm_insured_claim: 0.22858117","count:  127<br />storm_insured_claim: 0.24128013","count:  112<br />storm_insured_claim: 0.25397908","count:   95<br />storm_insured_claim: 0.26667803","count:   76<br />storm_insured_claim: 0.27937699","count:   60<br />storm_insured_claim: 0.29207594","count:   44<br />storm_insured_claim: 0.30477490","count:   32<br />storm_insured_claim: 0.31747385","count:   19<br />storm_insured_claim: 0.33017280","count:   26<br />storm_insured_claim: 0.34287176","count:   25<br />storm_insured_claim: 0.35557071","count:   15<br />storm_insured_claim: 0.36826967","count:   18<br />storm_insured_claim: 0.38096862","count:    8<br />storm_insured_claim: 0.39366757","count:   12<br />storm_insured_claim: 0.40636653","count:    7<br />storm_insured_claim: 0.41906548","count:    6<br />storm_insured_claim: 0.43176444","count:    9<br />storm_insured_claim: 0.44446339","count:    5<br />storm_insured_claim: 0.45716234","count:    5<br />storm_insured_claim: 0.46986130","count:    2<br />storm_insured_claim: 0.48256025","count:    1<br />storm_insured_claim: 0.49525921","count:    0<br />storm_insured_claim: 0.50795816","count:    1<br />storm_insured_claim: 0.52065711","count:    1<br />storm_insured_claim: 0.53335607","count:    2<br />storm_insured_claim: 0.54605502","count:    1<br />storm_insured_claim: 0.55875398","count:    2<br />storm_insured_claim: 0.57145293","count:    0<br />storm_insured_claim: 0.58415188","count:    0<br />storm_insured_claim: 0.59685084","count:    1<br />storm_insured_claim: 0.60954979","count:    0<br />storm_insured_claim: 0.62224875","count:    0<br />storm_insured_claim: 0.63494770","count:    0<br />storm_insured_claim: 0.64764665","count:    0<br />storm_insured_claim: 0.66034561","count:    0<br />storm_insured_claim: 0.67304456","count:    0<br />storm_insured_claim: 0.68574352","count:    0<br />storm_insured_claim: 0.69844247","count:    0<br />storm_insured_claim: 0.71114142","count:    1<br />storm_insured_claim: 0.72384038","count:    0<br />storm_insured_claim: 0.73653933","count:    1<br />storm_insured_claim: 0.74923829"],"type":"bar","textposition":"none","marker":{"autocolorscale":false,"color":"rgba(147,51,234,1)","line":{"width":1.8898,"color":"transparent"}},"showlegend":false,"xaxis":"x","yaxis":"y","hoverinfo":"text","frame":null}],"layout":{"margin":{"t":39.7345,"r":7.3059,"b":36.1546,"l":48.9498},"font":{"color":"rgba(0,0,0,1)","family":"","size":14.6119},"title":{"text":"Distribution of Storm Claims","font":{"color":"rgba(0,0,0,1)","family":"","size":17.5342},"x":0,"xref":"paper"},"xaxis":{"domain":[0,1],"automargin":true,"type":"linear","autorange":false,"range":[-0.0444,0.7937],"tickmode":"array","ticktext":["0.0","0.2","0.4","0.6"],"tickvals":[0,0.2,0.4,0.6],"categoryorder":"array","categoryarray":["0.0","0.2","0.4","0.6"],"nticks":null,"ticks":"","tickcolor":null,"ticklen":3.653,"tickwidth":0,"showticklabels":true,"tickfont":{"color":"rgba(77,77,77,1)","family":"","size":11.6895},"tickangle":-0,"showline":false,"linecolor":null,"linewidth":0,"showgrid":true,"gridcolor":"rgba(235,235,235,1)","gridwidth":0.6642,"zeroline":false,"anchor":"y","title":{"text":"Size of Claims (% of TIV)","font":{"color":"rgba(0,0,0,1)","family":"","size":14.6119}},"hoverformat":".2f"},"yaxis":{"domain":[0,1],"automargin":true,"type":"linear","autorange":false,"range":[-246.75,5181.75],"tickmode":"array","ticktext":["0","1000","2000","3000","4000","5000"],"tickvals":[0,1000,2000,3000,4000,5000],"categoryorder":"array","categoryarray":["0","1000","2000","3000","4000","5000"],"nticks":null,"ticks":"","tickcolor":null,"ticklen":3.653,"tickwidth":0,"showticklabels":true,"tickfont":{"color":"rgba(77,77,77,1)","family":"","size":11.6895},"tickangle":-0,"showline":false,"linecolor":null,"linewidth":0,"showgrid":true,"gridcolor":"rgba(235,235,235,1)","gridwidth":0.6642,"zeroline":false,"anchor":"x","title":{"text":"Count of Claims","font":{"color":"rgba(0,0,0,1)","family":"","size":14.6119}},"hoverformat":".2f"},"shapes":[{"type":"rect","fillcolor":null,"line":{"color":null,"width":0,"linetype":[]},"yref":"paper","xref":"paper","x0":0,"x1":1,"y0":0,"y1":1}],"showlegend":false,"legend":{"bgcolor":null,"bordercolor":null,"borderwidth":0,"font":{"color":"rgba(0,0,0,1)","family":"","size":11.6895}},"hovermode":"closest","barmode":"relative"},"config":{"doubleClick":"reset","modeBarButtonsToAdd":["hoverclosest","hovercompare"],"showSendToCloud":false}}
