{"data":[{"orientation":"v","width":[0.0144,0.0144,0.0144,0.0144,0.0144,0.0144,0.0144,0.0144,0.0144,0.0144,0.0144,0.0144,0.0144,0.0144,0.0144,0.0144,0.0144,0.0144,0.0144,0.0144,0.0144,0.0144,0.0144,0.0144,0.0144,0.0144,0.0144,0.0144,0.0144,0.0144,0.0144,0.0144,0.0144,0.0144,0.0144,0.0144,0.0144,0.0144,0.0144,0.0144,0.0144,0.0144,0.0144,0.0144,0.0144,0.0144,0.0144,0.0144,0.0144,0.0144,0.0144,0.0144,0.0144,0.0144,0.0144,0.0144,0.0144,0.0144,0.0144,0.0144],"base":[0,0,0,0,0,0,0,0,0,0,0,0,0,0,0,0,0,0,0,0,0,0,0,0,0,0,0,0,0,0,0,0,0,0,0,0,0,0,0,0,0,0,0,0,0,0,0,0,0,0,0,0,0,0,0,0,0,0,0,0],"x":[0,0.0144,0.0288,0.0432,0.0576,0.072,0.0864,0.1008,0.1153,0.1297,0.1441,0.1585,0.1729,0.1873,0.2017,0.2161,0.2305,0.2449,0.2593,0.2737,0.2881,0.3025,0.3169,0.3314,0.3458,0.3602,0.3746,0.389,0.4034,0.4178,0.4322,0.4466,0.461,0.4754,0.4898,0.5042,0.5186,0.5331,0.5475,0.5619,0.5763,0.5907,0.6051,0.6195,0.6339,0.6483,0.6627,0.6771,0.6915,0.7059,0.7203,0.7347,0.7492,0.7636,0.778,0.7924,0.8068,0.8212,0.8356,0.85],"y":[68125,123639,108566,93578,81883,70985,60043,51666,43647,36823,31205,26335,22172,18580,15361,13053,10767,8893,7430,6205,5273,4281,3560,2981,2467,2002,1619,1352,1106,952,727,635,546,421,345,267,241,203,138,123,97,81,63,56,55,37,31,22,21,15,17,4,5,6,5,6,6,3,4,9],"text":["count:  68125<br />hurricane_insured_claim: 0.00000000","count: 123639<br />hurricane_insured_claim: 0.01440678","count: 108566<br />hurricane_insured_claim: 0.02881355","count:  93578<br />hurricane_insured_claim: 0.04322033","count:  81883<br />hurricane_insured_claim: 0.05762711","count:  70985<br />hurricane_insured_claim: 0.07203389","count:  60043<br />hurricane_insured_claim: 0.08644066","count:  51666<br />hurricane_insured_claim: 0.10084744","count:  43647<br />hurricane_insured_claim: 0.11525422","count:  36823<br />hurricane_insured_claim: 0.12966099","count:  31205<br />hurricane_insured_claim: 0.14406777","count:  26335<br />hurricane_insured_claim: 0.15847455","count:  22172<br />hurricane_insured_claim: 0.17288132","count:  18580<br />hurricane_insured_claim: 0.18728810","count:  15361<br />hurricane_insured_claim: 0.20169488","count:  13053<br />hurricane_insured_claim: 0.21610166","count:  10767<br />hurricane_insured_claim: 0.23050843","count:   8893<br />hurricane_insured_claim: 0.24491521","count:   7430<br />hurricane_insured_claim: 0.25932199","count:   6205<br />hurricane_insured_claim: 0.27372876","count:   5273<br />hurricane_insured_claim: 0.28813554","count:   4281<br />hurricane_insured_claim: 0.30254232","count:   3560<br />hurricane_insured_claim: 0.31694909","count:   2981<br />hurricane_insured_claim: 0.33135587","count:   2467<br />hurricane_insured_claim: 0.34576265","count:   2002<br />hurricane_insured_claim: 0.36016943","count:   1619<br />hurricane_insured_claim: 0.37457620","count:   1352<br />hurricane_insured_claim: 0.38898298","count:   1106<br />hurricane_insured_claim: 0.40338976","count:    952<br />hurricane_insured_claim: 0.41779653","count:    727<br />hurricane_insured_claim: 0.43220331","count:    635<br />hurricane_insured_claim: 0.44661009","count:    546<br />hurricane_insured_claim: 0.46101686","count:    421<br />hurricane_insured_claim: 0.47542364","count:    345<br />hurricane_insured_claim: 0.48983042","count:    267<br />hurricane_insured_claim: 0.50423720","count:    241<br />hurricane_insured_claim: 0.51864397","count:    203<br />hurricane_insured_claim: 0.53305075","count:    138<br />hurricane_insured_claim: 0.54745753","count:    123<br />hurricane_insured_claim: 0.56186430","count:     97<br />hurricane_insured_claim: 0.57627108","count:     81<br />hurricane_insured_claim: 0.59067786","count:     63<br />hurricane_insured_claim: 0.60508463","count:     56<br />hurricane_insured_claim: 0.61949141","count:     55<br />hurricane_insured_claim: 0.63389819","count:     37<br />hurricane_insured_claim: 0.64830497","count:     31<br />hurricane_insured_claim: 0.66271174","count:     22<br />hurricane_insured_claim: 0.67711852","count:     21<br />hurricane_insured_claim: 0.69152530","count:     15<br />hurricane_insured_claim: 0.70593207","count:     17<br />hurricane_insured_claim: 0.72033885","count:      4<br />hurricane_insured_claim: 0.73474563","count:      5<br />hurricane_insured_claim: 0.74915240","count:      6<br />hurricane_insured_claim: 0.76355918","count:      5<br />hurricane_insured_claim: 0.77796596","count:      6<br />hurricane_insured_claim: 0.79237274","count:      6<br />hurricane_insured_claim: 0.80677951","count:      3<br />hurricane_insured_claim: 0.82118629","count:      4<br />hurricane_insured_claim: 0.83559307","count:      9<br />hurricane_insured_claim: 0.84999984"],"type":"bar","textposition":"none","marker":{"autocolorscale":false,"color":"rgba(22,163,74,1)","line":{"width":1.8898,"color":"transparent"}},"showlegend":false,"xaxis":"x","yaxis":"y","hoverinfo":"text","frame":null}],"layout":{"margin":{"t":39.7345,"r":7.3059,"b":36.1546,"l":60.6393},"font":{"color":"rgba(0,0,0,1)","family":"","size":14.6119},"title":{"text":"Distribution of Hurricane Claims","font":{"color":"rgba(0,0,0,1)","family":"","size":17.5342},"x":0,"xref":"paper"},"xaxis":{"domain":[0,1],"automargin":true,"type":"linear","autorange":false,"range":[-0.0504,0.9004],"tickmode":"array","ticktext":["0.00","0.25","0.50","0.75"],"tickvals":[0,0.25,0.5,0.75],"categoryorder":"array","categoryarray":["0.00","0.25","0.50","0.75"],"nticks":null,"ticks":"","tickcolor":null,"ticklen":3.653,"tickwidth":0,"showticklabels":true,"tickfont":{"color":"rgba(77,77,77,1)","family":"","size":11.6895},"tickangle":-0,"showline":false,"linecolor":null,"linewidth":0,"showgrid":true,"gridcolor":"rgba(235,235,235,1)","gridwidth":0.6642,"zeroline":false,"anchor":"y","title":{"text":"Size of Claims (% of TIV)","font":{"color":"rgba(0,0,0,1)","family":"","size":14.6119}},"hoverformat":".2f"},"yaxis":{"domain":[0,1],"automargin":true,"type":"linear","autorange":false,"range":[-6181.95,129820.95],"tickmode":"array","ticktext":["0","40000","80000","120000"],"tickvals":[0,40000,80000,120000],"categoryorder":"array","categoryarray":["0","40000","80000","120000"],"nticks":null,"ticks":"","tickcolor":null,"ticklen":3.653,"tickwidth":0,"showticklabels":true,"tickfont":{"color":"rgba(77,77,77,1)","family":"","size":11.6895},"tickangle":-0,"showline":false,"linecolor":null,"linewidth":0,"showgrid":true,"gridcolor":"rgba(235,235,235,1)","gridwidth":0.6642,"zeroline":false,"anchor":"x","title":{"text":"Count of Claims","font":{"color":"rgba(0,0,0,1)","family":"","size":14.6119}},"hoverformat":".2f"},"shapes":[{"type":"rect","fillcolor":null,"line":{"color":null,"width":0,"linetype":[]},"yref":"paper","xref":"paper","x0":0,"x1":1,"y0":0,"y1":1}],"showlegend":false,"legend":{"bgcolor":null,"bordercolor":null,"borderwidth":0,"font":{"color":"rgba(0,0,0,1)","family":"","size":11.6895}},"hovermode":"closest","barmode":"relative"},"config":{"doubleClick":"reset","modeBarButtonsToAdd":["hoverclosest","hovercompare"],"showSendToCloud":false}}
