{"data":[{"orientation":"v","width":[0.0144,0.0144,0.0144,0.0144,0.0144,0.0144,0.0144,0.0144,0.0144,0.0144,0.0144,0.0144,0.0144,0.0144,0.0144,0.0144,0.0144,0.0144,0.0144,0.0144,0.0144,0.0144,0.0144,0.0144,0.0144,0.0144,0.0144,0.0144,0.0144,0.0144,0.0144,0.0144,0.0144,0.0144,0.0144,0.0144,0.0144,0.0144,0.0144,0.0144,0.0144,0.0144,0.0144,0.0144,0.0144,0.0144,0.0144,0.0144,0.0144,0.0144,0.0144,0.0144,0.0144,0.0144,0.0144,0.0144,0.0144,0.0144,0.0144,0.0144],"base":[0,0,0,0,0,0,0,0,0,0,0,0,0,0,0,0,0,0,0,0,0,0,0,0,0,0,0,0,0,0,0,0,0,0,0,0,0,0,0,0,0,0,0,0,0,0,0,0,0,0,0,0,0,0,0,0,0,0,0,0],"x":[0,0.0144,0.0288,0.0432,0.0576,0.072,0.0864,0.1008,0.1153,0.1297,0.1441,0.1585,0.1729,0.1873,0.2017,0.2161,0.2305,0.2449,0.2593,0.2737,0.2881,0.3025,0.3169,0.3314,0.3458,0.3602,0.3746,0.389,0.4034,0.4178,0.4322,0.4466,0.461,0.4754,0.4898,0.5042,0.5186,0.5331,0.5475,0.5619,0.5763,0.5907,0.6051,0.6195,0.6339,0.6483,0.6627,0.6771,0.6915,0.7059,0.7203,0.7347,0.7492,0.7636,0.778,0.7924,0.8068,0.8212,0.8356,0.85],"y":[16484,28683,24166,20379,17372,14613,12496,10667,9128,7914,6995,6005,5340,4623,4258,3614,3323,2950,2748,2418,2241,2105,1914,1739,1609,1484,1414,1290,1141,1138,1041,998,880,826,781,723,673,612,577,528,463,470,423,377,395,341,343,301,290,266,254,233,190,198,189,207,187,166,133,3329],"text":["count: 16484<br />hail_insured_claim: 0.00000000","count: 28683<br />hail_insured_claim: 0.01440678","count: 24166<br />hail_insured_claim: 0.02881356","count: 20379<br />hail_insured_claim: 0.04322033","count: 17372<br />hail_insured_claim: 0.05762711","count: 14613<br />hail_insured_claim: 0.07203389","count: 12496<br />hail_insured_claim: 0.08644067","count: 10667<br />hail_insured_claim: 0.10084744","count:  9128<br />hail_insured_claim: 0.11525422","count:  7914<br />hail_insured_claim: 0.12966100","count:  6995<br />hail_insured_claim: 0.14406778","count:  6005<br />hail_insured_claim: 0.15847455","count:  5340<br />hail_insured_claim: 0.17288133","count:  4623<br />hail_insured_claim: 0.18728811","count:  4258<br />hail_insured_claim: 0.20169489","count:  3614<br />hail_insured_claim: 0.21610166","count:  3323<br />hail_insured_claim: 0.23050844","count:  2950<br />hail_insured_claim: 0.24491522","count:  2748<br />hail_insured_claim: 0.25932200","count:  2418<br />hail_insured_claim: 0.27372878","count:  2241<br />hail_insured_claim: 0.28813555","count:  2105<br />hail_insured_claim: 0.30254233","count:  1914<br />hail_insured_claim: 0.31694911","count:  1739<br />hail_insured_claim: 0.33135589","count:  1609<br />hail_insured_claim: 0.34576266","count:  1484<br />hail_insured_claim: 0.36016944","count:  1414<br />hail_insured_claim: 0.37457622","count:  1290<br />hail_insured_claim: 0.38898300","count:  1141<br />hail_insured_claim: 0.40338977","count:  1138<br />hail_insured_claim: 0.41779655","count:  1041<br />hail_insured_claim: 0.43220333","count:   998<br />hail_insured_claim: 0.44661011","count:   880<br />hail_insured_claim: 0.46101689","count:   826<br />hail_insured_claim: 0.47542366","count:   781<br />hail_insured_claim: 0.48983044","count:   723<br />hail_insured_claim: 0.50423722","count:   673<br />hail_insured_claim: 0.51864400","count:   612<br />hail_insured_claim: 0.53305077","count:   577<br />hail_insured_claim: 0.54745755","count:   528<br />hail_insured_claim: 0.56186433","count:   463<br />hail_insured_claim: 0.57627111","count:   470<br />hail_insured_claim: 0.59067788","count:   423<br />hail_insured_claim: 0.60508466","count:   377<br />hail_insured_claim: 0.61949144","count:   395<br />hail_insured_claim: 0.63389822","count:   341<br />hail_insured_claim: 0.64830499","count:   343<br />hail_insured_claim: 0.66271177","count:   301<br />hail_insured_claim: 0.67711855","count:   290<br />hail_insured_claim: 0.69152533","count:   266<br />hail_insured_claim: 0.70593211","count:   254<br />hail_insured_claim: 0.72033888","count:   233<br />hail_insured_claim: 0.73474566","count:   190<br />hail_insured_claim: 0.74915244","count:   198<br />hail_insured_claim: 0.76355922","count:   189<br />hail_insured_claim: 0.77796599","count:   207<br />hail_insured_claim: 0.79237277","count:   187<br />hail_insured_claim: 0.80677955","count:   166<br />hail_insured_claim: 0.82118633","count:   133<br />hail_insured_claim: 0.83559310","count:  3329<br />hail_insured_claim: 0.84999988"],"type":"bar","textposition":"none","marker":{"autocolorscale":false,"color":"rgba(37,99,235,1)","line":{"width":1.8898,"color":"transparent"}},"showlegend":false,"xaxis":"x","yaxis":"y","hoverinfo":"text","frame":null}],"layout":{"margin":{"t":39.7345,"r":7.3059,"b":36.1546,"l":54.7945},"font":{"color":"rgba(0,0,0,1)","family":"","size":14.6119},"title":{"text":"Distribution of Hail Claims","font":{"color":"rgba(0,0,0,1)","family":"","size":17.5342},"x":0,"xref":"paper"},"xaxis":{"domain":[0,1],"automargin":true,"type":"linear","autorange":false,"range":[-0.0504,0.9004],"tickmode":"array","ticktext":["0.00","0.25","0.50","0.75"],"tickvals":[0,0.25,0.5,0.75],"categoryorder":"array","categoryarray":["0.00","0.25","0.50","0.75"],"nticks":null,"ticks":"","tickcolor":null,"ticklen":3.653,"tickwidth":0,"showticklabels":true,"tickfont":{"color":"rgba(77,77,77,1)","family":"","size":11.6895},"tickangle":-0,"showline":false,"linecolor":null,"linewidth":0,"showgrid":true,"gridcolor":"rgba(235,235,235,1)","gridwidth":0.6642,"zeroline":false,"anchor":"y","title":{"text":"Size of Claims (% of TIV)","font":{"color":"rgba(0,0,0,1)","family":"","size":14.6119}},"hoverformat":".2f"},"yaxis":{"domain":[0,1],"automargin":true,"type":"linear","autorange":false,"range":[-1434.15,30117.15],"tickmode":"array","ticktext":["0","10000","20000","30000"],"tickvals":[0,10000,20000,30000],"categoryorder":"array","categoryarray":["0","10000","20000","30000"],"nticks":null,"ticks":"","tickcolor":null,"ticklen":3.653,"tickwidth":0,"showticklabels":true,"tickfont":{"color":"rgba(77,77,77,1)","family":"","size":11.6895},"tickangle":-0,"showline":false,"linecolor":null,"linewidth":0,"showgrid":true,"gridcolor":"rgba(235,235,235,1)","gridwidth":0.6642,"zeroline":false,"anchor":"x","title":{"text":"Count of Claims","font":{"color":"rgba(0,0,0,1)","family":"","size":14.6119}},"hoverformat":".2f"},"shapes":[{"type":"rect","fillcolor":null,"line":{"color":null,"width":0,"linetype":[]},"yref":"paper","xref":"paper","x0":0,"x1":1,"y0":0,"y1":1}],"showlegend":false,"legend":{"bgcolor":null,"bordercolor":null,"borderwidth":0,"font":{"color":"rgba(0,0,0,1)","family":"","size":11.6895}},"hovermode":"closest","barmode":"relative"},"config":{"doubleClick":"reset","modeBarButtonsToAdd":["hoverclosest","hovercompare"],"showSendToCloud":false}}
