{"data":[{"orientation":"v","width":[0.0391,0.0391,0.0391,0.0391,0.0391,0.0391,0.0391,0.0391,0.0391,0.0391,0.0391,0.0391,0.0391,0.0391,0.0391,0.0391,0.0391,0.0391,0.0391,0.0391,0.0391,0.0391,0.0391,0.0391,0.0391,0.0391,0.0391,0.0391,0.0391,0.0391,0.0391,0.0391,0.0391,0.0391,0.0391,0.0391,0.0391,0.0391,0.0391,0.0391,0.0391,0.0391,0.0391,0.0391,0.0391,0.0391,0.0391,0.0391,0.0391,0.0391,0.0391,0.0391,0.0391,0.0391,0.0391,0.0391,0.0391,0.0391,0.0391,0.0391],"base":[0,0,0,0,0,0,0,0,0,0,0,0,0,0,0,0,0,0,0,0,0,0,0,0,0,0,0,0,0,0,0,0,0,0,0,0,0,0,0,0,0,0,0,0,0,0,0,0,0,0,0,0,0,0,0,0,0,0,0,0],"x":[0,0.0391,0.0782,0.1172,0.1563,0.1954,0.2345,0.2735,0.3126,0.3517,0.3908,0.4298,0.4689,0.508,0.5471,0.5861,0.6252,0.6643,0.7034,0.7424,0.7815,0.8206,0.8597,0.8987,0.9378,0.9769,1.016,1.055,1.0941,1.1332,1.1723,1.2113,1.2504,1.2895,1.3286,1.3676,1.4067,1.4458,1.4849,1.524,1.563,1.6021,1.6412,1.6803,1.7193,1.7584,1.7975,1.8366,1.8756,1.9147,1.9538,1.9929,2.0319,2.071,2.1101,2.1492,2.1882,2.2273,2.2664,2.3055],"y":[321,67,25,19,15,9,7,5,5,3,3,4,0,0,1,1,3,0,1,0,0,0,0,0,0,0,0,0,0,1,0,0,1,0,1,0,1,0,0,0,1,0,0,1,0,0,0,0,0,0,1,0,0,1,1,0,0,0,0,2],"text":["count: 321<br />fire_rate: 0.00000000","count:  67<br />fire_rate: 0.03907565","count:  25<br />fire_rate: 0.07815130","count:  19<br />fire_rate: 0.11722695","count:  15<br />fire_rate: 0.15630260","count:   9<br />fire_rate: 0.19537825","count:   7<br />fire_rate: 0.23445389","count:   5<br />fire_rate: 0.27352954","count:   5<br />fire_rate: 0.31260519","count:   3<br />fire_rate: 0.35168084","count:   3<br />fire_rate: 0.39075649","count:   4<br />fire_rate: 0.42983214","count:   0<br />fire_rate: 0.46890779","count:   0<br />fire_rate: 0.50798344","count:   1<br />fire_rate: 0.54705909","count:   1<br />fire_rate: 0.58613474","count:   3<br />fire_rate: 0.62521039","count:   0<br />fire_rate: 0.66428604","count:   1<br />fire_rate: 0.70336168","count:   0<br />fire_rate: 0.74243733","count:   0<br />fire_rate: 0.78151298","count:   0<br />fire_rate: 0.82058863","count:   0<br />fire_rate: 0.85966428","count:   0<br />fire_rate: 0.89873993","count:   0<br />fire_rate: 0.93781558","count:   0<br />fire_rate: 0.97689123","count:   0<br />fire_rate: 1.01596688","count:   0<br />fire_rate: 1.05504253","count:   0<br />fire_rate: 1.09411818","count:   1<br />fire_rate: 1.13319383","count:   0<br />fire_rate: 1.17226947","count:   0<br />fire_rate: 1.21134512","count:   1<br />fire_rate: 1.25042077","count:   0<br />fire_rate: 1.28949642","count:   1<br />fire_rate: 1.32857207","count:   0<br />fire_rate: 1.36764772","count:   1<br />fire_rate: 1.40672337","count:   0<br />fire_rate: 1.44579902","count:   0<br />fire_rate: 1.48487467","count:   0<br />fire_rate: 1.52395032","count:   1<br />fire_rate: 1.56302597","count:   0<br />fire_rate: 1.60210161","count:   0<br />fire_rate: 1.64117726","count:   1<br />fire_rate: 1.68025291","count:   0<br />fire_rate: 1.71932856","count:   0<br />fire_rate: 1.75840421","count:   0<br />fire_rate: 1.79747986","count:   0<br />fire_rate: 1.83655551","count:   0<br />fire_rate: 1.87563116","count:   0<br />fire_rate: 1.91470681","count:   1<br />fire_rate: 1.95378246","count:   0<br />fire_rate: 1.99285811","count:   0<br />fire_rate: 2.03193376","count:   1<br />fire_rate: 2.07100940","count:   1<br />fire_rate: 2.11008505","count:   0<br />fire_rate: 2.14916070","count:   0<br />fire_rate: 2.18823635","count:   0<br />fire_rate: 2.22731200","count:   0<br />fire_rate: 2.26638765","count:   2<br />fire_rate: 2.30546330"],"type":"bar","textposition":"none","marker":{"autocolorscale":false,"color":"rgba(251,140,0,1)","line":{"width":1.8898,"color":"transparent"}},"showlegend":false,"xaxis":"x","yaxis":"y","hoverinfo":"text","frame":null}],"layout":{"margin":{"t":39.7345,"r":7.3059,"b":36.1546,"l":43.105},"font":{"color":"rgba(0,0,0,1)","family":"","size":14.6119},"title":{"text":"Asset Distribution of Technical Hail Premium","font":{"color":"rgba(0,0,0,1)","family":"","size":17.5342},"x":0,"xref":"paper"},"xaxis":{"domain":[0,1],"automargin":true,"type":"linear","autorange":false,"range":[-0.1368,2.4422],"tickmode":"array","ticktext":["0.0","0.5","1.0","1.5","2.0"],"tickvals":[0,0.5,1,1.5,2],"categoryorder":"array","categoryarray":["0.0","0.5","1.0","1.5","2.0"],"nticks":null,"ticks":"","tickcolor":null,"ticklen":3.653,"tickwidth":0,"showticklabels":true,"tickfont":{"color":"rgba(77,77,77,1)","family":"","size":11.6895},"tickangle":-0,"showline":false,"linecolor":null,"linewidth":0,"showgrid":true,"gridcolor":"rgba(235,235,235,1)","gridwidth":0.6642,"zeroline":false,"anchor":"y","title":{"text":"Technical Hail Premium","font":{"color":"rgba(0,0,0,1)","family":"","size":14.6119}},"hoverformat":".2f"},"yaxis":{"domain":[0,1],"automargin":true,"type":"linear","autorange":false,"range":[-16.05,337.05],"tickmode":"array","ticktext":["0","100","200","300"],"tickvals":[0,100,200,300],"categoryorder":"array","categoryarray":["0","100","200","300"],"nticks":null,"ticks":"","tickcolor":null,"ticklen":3.653,"tickwidth":0,"showticklabels":true,"tickfont":{"color":"rgba(77,77,77,1)","family":"","size":11.6895},"tickangle":-0,"showline":false,"linecolor":null,"linewidth":0,"showgrid":true,"gridcolor":"rgba(235,235,235,1)","gridwidth":0.6642,"zeroline":false,"anchor":"x","title":{"text":"Count","font":{"color":"rgba(0,0,0,1)","family":"","size":14.6119}},"hoverformat":".2f"},"shapes":[{"type":"rect","fillcolor":null,"line":{"color":null,"width":0,"linetype":[]},"yref":"paper","xref":"paper","x0":0,"x1":1,"y0":0,"y1":1}],"showlegend":false,"legend":{"bgcolor":null,"bordercolor":null,"borderwidth":0,"font":{"color":"rgba(0,0,0,1)","family":"","size":11.6895}},"hovermode":"closest","barmode":"relative"},"config":{"doubleClick":"reset","modeBarButtonsToAdd":["hoverclosest","hovercompare"],"showSendToCloud":false}}
