{"data":[{"orientation":"v","width":[0.0736,0.0736,0.0736,0.0736,0.0736,0.0736,0.0736,0.0736,0.0736,0.0736,0.0736,0.0736,0.0736,0.0736,0.0736,0.0736,0.0736,0.0736,0.0736,0.0736,0.0736,0.0736,0.0736,0.0736,0.0736,0.0736,0.0736,0.0736,0.0736,0.0736,0.0736,0.0736,0.0736,0.0736,0.0736,0.0736,0.0736,0.0736,0.0736,0.0736,0.0736,0.0736,0.0736,0.0736,0.0736,0.0736,0.0736,0.0736,0.0736,0.0736,0.0736,0.0736,0.0736,0.0736,0.0736,0.0736,0.0736,0.0736,0.0736,0.0736],"base":[0,0,0,0,0,0,0,0,0,0,0,0,0,0,0,0,0,0,0,0,0,0,0,0,0,0,0,0,0,0,0,0,0,0,0,0,0,0,0,0,0,0,0,0,0,0,0,0,0,0,0,0,0,0,0,0,0,0,0,0],"x":[0,0.0736,0.1471,0.2207,0.2942,0.3678,0.4413,0.5149,0.5884,0.662,0.7355,0.8091,0.8826,0.9562,1.0297,1.1033,1.1768,1.2504,1.3239,1.3975,1.471,1.5446,1.6182,1.6917,1.7653,1.8388,1.9124,1.9859,2.0595,2.133,2.2066,2.2801,2.3537,2.4272,2.5008,2.5743,2.6479,2.7214,2.795,2.8685,2.9421,3.0157,3.0892,3.1628,3.2363,3.3099,3.3834,3.457,3.5305,3.6041,3.6776,3.7512,3.8247,3.8983,3.9718,4.0454,4.1189,4.1925,4.266,4.3396],"y":[345,90,27,8,4,5,3,3,0,1,0,2,1,1,0,0,2,0,0,1,1,0,0,0,0,0,0,0,0,0,1,1,0,1,0,0,0,0,0,0,0,0,1,0,1,0,0,0,0,0,0,0,0,0,0,0,0,0,0,1],"text":["count: 345<br />hail_rate: 0.00000000","count:  90<br />hail_rate: 0.07355244","count:  27<br />hail_rate: 0.14710489","count:   8<br />hail_rate: 0.22065733","count:   4<br />hail_rate: 0.29420977","count:   5<br />hail_rate: 0.36776222","count:   3<br />hail_rate: 0.44131466","count:   3<br />hail_rate: 0.51486710","count:   0<br />hail_rate: 0.58841954","count:   1<br />hail_rate: 0.66197199","count:   0<br />hail_rate: 0.73552443","count:   2<br />hail_rate: 0.80907687","count:   1<br />hail_rate: 0.88262932","count:   1<br />hail_rate: 0.95618176","count:   0<br />hail_rate: 1.02973420","count:   0<br />hail_rate: 1.10328665","count:   2<br />hail_rate: 1.17683909","count:   0<br />hail_rate: 1.25039153","count:   0<br />hail_rate: 1.32394397","count:   1<br />hail_rate: 1.39749642","count:   1<br />hail_rate: 1.47104886","count:   0<br />hail_rate: 1.54460130","count:   0<br />hail_rate: 1.61815375","count:   0<br />hail_rate: 1.69170619","count:   0<br />hail_rate: 1.76525863","count:   0<br />hail_rate: 1.83881108","count:   0<br />hail_rate: 1.91236352","count:   0<br />hail_rate: 1.98591596","count:   0<br />hail_rate: 2.05946840","count:   0<br />hail_rate: 2.13302085","count:   1<br />hail_rate: 2.20657329","count:   1<br />hail_rate: 2.28012573","count:   0<br />hail_rate: 2.35367818","count:   1<br />hail_rate: 2.42723062","count:   0<br />hail_rate: 2.50078306","count:   0<br />hail_rate: 2.57433551","count:   0<br />hail_rate: 2.64788795","count:   0<br />hail_rate: 2.72144039","count:   0<br />hail_rate: 2.79499283","count:   0<br />hail_rate: 2.86854528","count:   0<br />hail_rate: 2.94209772","count:   0<br />hail_rate: 3.01565016","count:   1<br />hail_rate: 3.08920261","count:   0<br />hail_rate: 3.16275505","count:   1<br />hail_rate: 3.23630749","count:   0<br />hail_rate: 3.30985994","count:   0<br />hail_rate: 3.38341238","count:   0<br />hail_rate: 3.45696482","count:   0<br />hail_rate: 3.53051726","count:   0<br />hail_rate: 3.60406971","count:   0<br />hail_rate: 3.67762215","count:   0<br />hail_rate: 3.75117459","count:   0<br />hail_rate: 3.82472704","count:   0<br />hail_rate: 3.89827948","count:   0<br />hail_rate: 3.97183192","count:   0<br />hail_rate: 4.04538437","count:   0<br />hail_rate: 4.11893681","count:   0<br />hail_rate: 4.19248925","count:   0<br />hail_rate: 4.26604169","count:   1<br />hail_rate: 4.33959414"],"type":"bar","textposition":"none","marker":{"autocolorscale":false,"color":"rgba(0,100,0,1)","line":{"width":1.8898,"color":"transparent"}},"showlegend":false,"xaxis":"x","yaxis":"y","hoverinfo":"text","frame":null}],"layout":{"margin":{"t":39.7345,"r":7.3059,"b":36.1546,"l":43.105},"font":{"color":"rgba(0,0,0,1)","family":"","size":14.6119},"title":{"text":"Asset Distribution of Technical Hail Premium","font":{"color":"rgba(0,0,0,1)","family":"","size":17.5342},"x":0,"xref":"paper"},"xaxis":{"domain":[0,1],"automargin":true,"type":"linear","autorange":false,"range":[-0.2574,4.597],"tickmode":"array","ticktext":["0","1","2","3","4"],"tickvals":[0,1,2,3,4],"categoryorder":"array","categoryarray":["0","1","2","3","4"],"nticks":null,"ticks":"","tickcolor":null,"ticklen":3.653,"tickwidth":0,"showticklabels":true,"tickfont":{"color":"rgba(77,77,77,1)","family":"","size":11.6895},"tickangle":-0,"showline":false,"linecolor":null,"linewidth":0,"showgrid":true,"gridcolor":"rgba(235,235,235,1)","gridwidth":0.6642,"zeroline":false,"anchor":"y","title":{"text":"Technical Hail Premium","font":{"color":"rgba(0,0,0,1)","family":"","size":14.6119}},"hoverformat":".2f"},"yaxis":{"domain":[0,1],"automargin":true,"type":"linear","autorange":false,"range":[-17.25,362.25],"tickmode":"array","ticktext":["0","100","200","300"],"tickvals":[0,100,200,300],"categoryorder":"array","categoryarray":["0","100","200","300"],"nticks":null,"ticks":"","tickcolor":null,"ticklen":3.653,"tickwidth":0,"showticklabels":true,"tickfont":{"color":"rgba(77,77,77,1)","family":"","size":11.6895},"tickangle":-0,"showline":false,"linecolor":null,"linewidth":0,"showgrid":true,"gridcolor":"rgba(235,235,235,1)","gridwidth":0.6642,"zeroline":false,"anchor":"x","title":{"text":"Count","font":{"color":"rgba(0,0,0,1)","family":"","size":14.6119}},"hoverformat":".2f"},"shapes":[{"type":"rect","fillcolor":null,"line":{"color":null,"width":0,"linetype":[]},"yref":"paper","xref":"paper","x0":0,"x1":1,"y0":0,"y1":1}],"showlegend":false,"legend":{"bgcolor":null,"bordercolor":null,"borderwidth":0,"font":{"color":"rgba(0,0,0,1)","family":"","size":11.6895}},"hovermode":"closest","barmode":"relative"},"config":{"doubleClick":"reset","modeBarButtonsToAdd":["hoverclosest","hovercompare"],"showSendToCloud":false}}
